name,id
0 Ventures,r1a7zj
08 Capital,e7zfe7
0xLawliette,7yvpc9
0xVentures,k93k29
100&100,bv2lun
10H,t5ccvg
10X,h09snm
186 Ventures,wb49st
18Ventures,bf6y5u
1Confirmation,mp2gqb
1kx,bspyld
1NVST,56gubq
1PAR,wsbapa
2 Punks,s212gm
2048 Ventures,dsinl9
2c9,dai51z
2Moon,oby8hh
3 Chaps,ilq2gw
305 Ventures,dnl49s
37 Angels,uu9js5
3AC,b8gebp
3Commas,6ueww6
3GR,e4xh6i
3Tweleve Cash,pt62tc
3X,pdp1mt
4 Seasons,4j4oj3
406 Ventures,wrgnv3
49th State Angels,pkaqi7
4ward,p69jgl
4YF,fue5t7
500 Global,vmqmcr
515 Capital,3jocjo
5G Open Innovation Lab,uog43p
5G,0otk44
645 Ventures,zbfwcv
6529 Ventures,0ga0g3
6ixth Event,gow2jo
6K Starter,ycxcre
6th Man,hol96b
7 O'clock,z2j0xs
7 Star,cvqnc5
75 & Sunny Labs,8vyzyl
7feur,wdijri
7UpDAO,r07kjn
8 Decimal,2q8xba
84000LP,cuzsxp
9Unicorns,jt1491
9Yards,dxtuis
A Inn,0zuwkc
A.Capital,92ar5l
A&T,1zgufc
A100x,zpuq9r
a16z,d40or5
A195,7jssah
A2E Industries,84utkl
a41,7bn5bf
AAD,ovna62
AAF,47vy1z
Aaron Batalion,m21s7e
Aaron Rodgers,t3h1fz
AB,s8v8am
Abad,oghpy2
Abalone,5341q8
ABC,jn4ice
ABCDE,ukzqzd
Abies,muqrv1
Abraham Yokell,kn9vw9
AC Capitales,1qu55f
Acacia,7ht6fr
Acala,x3k5av
Accel,idlbd7
Accelerate Labs,kans6x
Accelerate Web 3.0 Labs,ept6x8
Accelerator,l1kfuu
Access,d33d7a
Accomplice,6x081t
Accord,qzewsg
Acequia,ibk8eu
Acheron Trading,n6kqj7
ACME,qd2sf6
Acorn Pacific,ul3tww
Acrew,ww4ojj
Active,fbn00x
Adam Ayers,zmy4gp
Adam Jackson,9ubit6
Adam Weitsman,auczp7
Adem Duman,k9vfgv
Ademco,vb9nmm
Adept,y04p2x
Adrian Lai,cv4dev
Adshares,7ng8h1
Advanced Blockchain,hcx26d
Advancit,2gx4h3
Advisors Anonymous,pr3xwn
Adways,bh4wd4
aelf.,8si3f3
Aera Force,xcxzqk
Afore,q4gteq
Afthonia,1aatyr
AG Build,d82r3q
AG Collective,92vkcn
Age Company,p2rf1n
AGE Crypto,mzqq7s
Agnostic,eq458r
AgriHack,8n52xb
Agrippa,v5aw83
AimTop,vrla7z
Airbus,rz0q81
AirTree,y8my2p
AIX,owqq3p
Ajeet Khurana,oixym4
Ajit Tripathi,h6uwpw
Akash Garg,08dtnk
Akash Khurana,9cmz24
Akash,jefc9a
Akazi,abopk7
Akbar Khan,xxlxhb
Akshay Kumar,h0wvko
AL Trust,9h3wro
Alameda,b5zojp
Alan Howard,ts7u8r
Albert Ni,frkhnw
Albert Wenger,hpndgr
Alchemist,4p826x
Alchemy Inc.,y2y3vv
Alchemy Insights,jtzx5o
Alchemy,opiq98
Aleksandr Kaplun,k9zddv
Aleo,l18dl4
Aleph One,hw3u73
Alex Alexandrov,rbndwa
Alex Becker,rxro0o
Alex Gluchovski,cyv0j9
Alex Goh,qmoomu
Alex Shevchenko,5g3hyv
Alex Smirnov,b2wxdu
Alexander Atallah,1crmhb
Alexander Taub,2uillv
Alexandre Raffin,c0fb4z
Alexis Ohanian,omhdmx
Alfa Catalyst,ug1ce2
Algalon,fdepqs
Algorand,s7b833
Ali Moiz,bqjhhg
Ali Partovi,w0s9ub
Alignment,x2iw8r
Alison Grigonis,tbwpai
Alizeh Agnihotri,p4m6wn
Allen Chen,5vkbeh
AlleyCorp,0jqovb
Alliance of Angels,by8fus
Alliance,7ygqh2
Allison Pickens,d7e7x7
Almora,spurmc
Alpha Capital,b18i62
Alpha Protocol Ventures,g4q79j
Alpha Sigma,buime9
Alpha Transform,kmkpmm
Alpha Wave,vstg5d
Alphabit,o5kpgb
AlphablockZ,66xw1k
AlphaChain,xnheko
AlphaCoin,chcjy9
AlphaCrypto,cunjx5
AlphaGrep,saoq66
AlphaLab,wpzjqq
Alphanonce,ujq536
Alphemy,nx7p3n
Altcoinbuzz,9uxyqp
Alumni Angels Alliance,nsa30e
Alumni,4bc5rd
Alves,gvqos9
Alvin Tse,kli6og
Aman Gupta,rgrbi1
Amazon,broyoo
Amber,z37132
Ambush,w5c605
AME Cloud,7v9s89
Amentum,2qhnja
American Express,g1jnat
Amesten,wv0c6u
Amex,inrvx2
Amhed Herrera,eu0hym
Amino,oq9fz1
Amir Haleem,6xvdkx
Amit Singhal,xv7xuz
Amos Meiri,rny435
Amplify,a1wztr
Anagram,fahk60
Anand Subramani,kuceub
Anatoly Yakovenko,nxop7l
Andover,ztdj15
Andreas Ivanschitz,465enh
Andreas Schwartz,jv1erw
Andreessen Horowitz,26x5nn
Andrei Ivanouski,59nhq9
Andrew Chen,bonru9
Andrew Houston,o6z0cw
Andrew Keys,f7094w
Andrew Steinwold,tupwbv
Andrew Uher,dbnjzb
Andrew Wilkinson,2046fz
Andromeda,ydmvp5
Andy Chorlian,tdmlep
Andy Chung,6pb6ea
Anfield,igwwfx
Angel Scions,z0bwg1
Angel Trust,jhauap
AngelDAO,62da1y
Angelone,x07tqh
AngelsDeck Venture Club,9cy4jl
Anges Québec,j8kxto
Anil Godhwani,5vpxbp
Animoca,gjt0lb
Anitha Vadavatha,38oo9k
Ankr,yxetck
Ankush Sachdeva,pzuset
Anorak,7bywo5
Ansa,r2f93a
Antalpha,3t6j16
Anthony Goldbloom,nrxmnx
Anthony Henn,rin9a4
Anthony Pompliano,rr0j76
Anthony Sassano,cd2nay
Anti,7zg71v
Antigua,kyzttp
Antler,zz62f0
Anton Bukov,h477gr
Anurag Arjun,xh3wwp
AP Capital,zf718v
Apis Venture,t2as8g
AppWorks,onvq9f
Aptos,yc3rjf
Aramex,d9o1gj
Arash Ferdowsi,o90q95
Arca,jme2re
Arcanum,m8rgyb
Archerman,ir12xk
Archetype,ze1wdg
Argonautic,cdmyso
Ari Nazir,9xan1p
Ari Paul,p0l4xh
Aria Emiko,g5bi1d
Arjun Anand,ei0xwd
Arjun Arora,4lalb8
Arjun Bhuptani,nn6lp1
Arjun Narayan,djmofb
Arjun Sethi,5fy5l2
Arjunaid,tp1utn
ARKN,ii5tnv
ArkStream,zloyr1
Armando Pauker,3l4dh0
Arrington,csfyvy
Arrive,fxvy7i
Arthur Hayes,7job29
Artichoke,e3qzk9
Arvind Charanyan,17gwc8
Arweave,hhudw8
ASB,7ntjyp
Ascend Angels,0ha7xp
Ascend,keqf0l
Ascendo,bz2cg2
Ascensive,bp637k
Ascent,kav4di
Ascolta,weiz7n
ASDF,sco1gp
Ash Park,2ybws5
Ashish Tiwari,yp152d
Assembly,go7fr1
Astarc,m174rg
Astera Institute,lu73ql
Asteroid,fj88qi
Astir,j2n1wh
Astronaut,6s7v1l
Asymmetric,uoqi1k
Asymmetry,l6myld
at.inc,h4v7bw
Atelier,lmepop
Ateliesi,5b00r6
Atesis,9a7u1l
Athena,rvqbxw
Atka,z5oj4n
Atlantic Labs,1ifr28
Atopia,bwghh0
Attention,ywekdu
AU21,xmw0ev
Aurel Iancu,nfo6xr
Auren Hoffman,6998je
Aurora,tvu1r6
Auryn Macmillan,ntqe0t
Aussie,giq489
Austen Allred,lxr6fp
Austin Federa,jm2nln
Austin Green,k5yniy
Austin Rief,9v9ugt
Ausum,8m8hfx
Autodesk,wc0r1f
Automatic,1e5ima
Autonomy,6g8wou
Auxitex,14mgz0
Ava Labs,dczq0j
Ava,98n1o3
Avalanche,abvcou
Avalon Wealth,oaw1ui
Avant Blockchain,0bp83l
Avatar Ventures,b9h5l3
AVentures,ue6j4s
Avery Ching,vulroe
Aves Lair,juclgr
Avi Felman,ovfuq8
Avinash Shekhar,0ppjh7
Avon,9du4gx
AVSTAR,g738qx
Awesome People,951veq
Axia8,ajbv45
Axilor,rxw3id
Axon Enterprise,xkd8xw
Axone,muazsx
Ayaan Agnihotri,nubjif
Ayush Shukla,cz996v
Ayyappan Rajagopal,z7nhe9
AZ Digital Asset,xqq90r
Aza,pbunpe
Baboon,bmaozl
Baby Keem,3j4n9l
Backend,m9zsej
Bad crypto podcast,d88md4
Badhouse,8uu9kr
Bain,3o9fr1
Baksh,son7io
Balaji Srinivasan,896jil
Balthazar Witzig,f9c32j
Bancor,5drrpf
Bankless,wvitwb
Baptiste Cota,71vhzo
BARMY,1gnwo3
Barn,7puspk
Barr Moses,f0vgv5
Barry McCardel,1pi13y
Baselayer,tp01af
BasementDAO,llgix7
BaseTech,d3piby
Basics,vcxbpn
Basis Set,ge0bkk
Batu Batu,hfbe1e
Batu X,i04xvv
BBQ,7dhoqw
BCA,wpebfi
Bcombinator,ogm8ug
BCW Group,pqaoc9
Beacon,6nxw7d
Beagle Partners LLP,7gchbe
BECO,2ks1dq
Bedrock,y5tgkc
Belal Badat,mufjv7
Bella,hep9cj
Bellhip,r000x8
Ben Huh,dbo8tt
Ben Jacobs,kpxn7o
Ben Kalsky,qi3rfl
Ben Lakoff,2slnxb
Ben Rubin,z0kxfe
Ben Taft's Genius,mk79mv
Benjamin Crane,lksww3
Benn Stancil,eud3qk
Bennett Coleman and Company,rl0unw
Bennett Coleman,pnenck
Beresford,2w7ubz
Berezka,tj2f0a
BergTop,x2k3tp
Bering Waters,5b7spr
Berkeley SkyDeck,tfmpbh
Berkeley Xcelerator,yva82n
Bert Kaufman,maljzp
Bertelsmann,q4zzkd
Bertha,q7rgtl
Bessemer Investors,evc5sc
Betaworks,eqr6sq
Beth Turner,whakn0
beToken,4ubo51
Better,ca0yhb
Betterverse Dao,st9kcn
BH,68y1pb
Bhanu Singh,b4hh7p
Bharat Vasan,egkgd5
Bian Jiang,s9xpzx
Big Brain,4l8mmr
Big Data,mfisup
Big Deal,cpymss
Bigcoin,k8v3go
Bigger,s16t1q
Bill Boebel,7pgfvz
Bill Lee,zo7roo
Bill Lightfoot,5rzcio
Bill Scott,1wfwc9
Binance,mrgeec
Bing,ympohv
BIP32 Venture,phsvfp
BiShiJie,x7bb3n
Bison,puuj5e
BitAngels,tdc3yj
Bitcoin.com,5a1i7n
Bitcoiner,vy72su
Bitfinex,9ns4s9
Bitfwd,wxro8b
Bitgert,dmrl2k
Bitget,o3xe28
BITKRAFT,y69z86
Bitlink,0xvra5
BITMAIN,v8hv28
BitMart,perhf5
BitMEX,qzrkdy
Bitpanda,6jvbqx
Bitrise,h2tvqq
Bitscale,2tgqti
BitValue,2f68vj
Bixin,gun7y3
Bjorn Wagner,tk9d0b
BKex Labs,xent44
Black Dragon,poal5z
Black Edge,nxcix5
Black Mamba,jbacwh
Black Venture,eq77bg
BlackDragon,8nclhv
Blackhorn,5bmg9o
BlackPine,7fb6dj
Blizzard,ltitbn
Bloc,e59pqh
Bloccelerate,ykzwbk
Block Asset,kk3ihr
Block Crafters,0jqary
Block Dream,iqk4zz
Block Films,e3it8b
Block,3gin8b
Block.IS,ihu5wn
Block.one,lpvwf1
Block.power Combinator,k97mn4
Block0,719svc
Blockarm,7bjt0y
BlockAsset,v13ekf
Blockchain Builders,94d9pz
Blockchain Capital,te4xtz
Blockchain Coinvestors,7oqynx
Blockchain Companies,ln7o85
Blockchain Fond,m7a80m
Blockchain Founders Fund,b2ybqs
Blockchain Israel,26u2xo
Blockchain Valley,kxflhz
Blockchain Ventures Hub,geipr5
Blockchain Ventures,93qwp0
Blockchain.com,3rh50q
Blockchange,hbpmm3
BlockGroup,v9u6c9
Blockhead,lxp1f3
Blockmate,4xnix2
Blocknation,i8ag5m
BlockØ,t76oo4
Blockpact,bpwaff
BLOCKRAISE,7brshu
Blockrocket,p6iv9v
Blockstack community,1yjwza
Blockstar Technologies,y7olrs
BlockStart,ojtach
Blocktech,b3o7lp
BlockTower,1vifzd
BlockUnify,k2hev4
Blockwall,n01vko
BlocTech,is950u
Bloomberg Beta,ymiffp
Blue Moon,5tgbgd
Blue7,wxcf8r
Bluenode,91420f
BluePointe,ksmmyi
BlueRun,llr54t
BlueYard,jo973z
Blufolio,98rame
Blume,35lw16
BMW,gtjd6o
Bobas Network,pd9gca
Bobby Goodlatte,bks4ew
Bochsler Finance,2oxiby
Bodl,xk28tk
Boga,2vt7a5
Bogdan Alexandrescu,44qnji
Bolur,a9qi3v
BonFire Union,utyn9u
Bong Koh,3hqsew
Boost,94mx0d
BootstrapLabs,o2wub8
Borderless,buo8ql
Bored Elon,tr916u
Bored Room,xs4jo6
Boris Jabes,uns0bm
Boson,1jn5wy
Bossanova,ucjx6z
BoxGroup,q8z49k
BoxOne,fe57x9
bpd,fgl6sp
Bpifrance,0f1owq
BR,oi4yuk
Brand,8xisag
Brandon Gath,190658
Breakaway,aeuug7
BreakOrbit,dpo7fp
Breakthrough Energy,mzwabg
Breck Yunits,s4nry9
Breed Reply,v28p9a
Breed,0mqnsr
Brevan Howard,q2goo9
Breyer,k091ng
Brian Forde,km2if5
Brian Granger,9v9mrd
Brian Johnson,y8mmkj
Brian Norgard,ssztnh
Brianna Montgomery,new0uo
Bridge Link,984ydi
Brightway Future,rqnzcf
Brilliance,zqdy3j
British Gas,ac14rq
British Land,w6nihd
BRM,xfqvxi
Broad Street Bulls,xgfw21
Bronco Venture,k97gry
Brookfund,g1hgzb
Brooks Reitz,g1mc9m
Broslyn,r8brcg
Brotherhood,0hfvt9
Browder,92cnhz
BSC Army,yyrgnc
BSCStation,2h4i1m
BTC,o1unbe
BTC12,ezu6pa
BTX,addxil
Bucky Moore,snj7ma
Buidlhodl,xgnbev
Builder,hqx0t6
Building Blocks,nmr0ay
Bullet Labs,9jmx43
BullishBlock,u3ry57
Bunge,c76mxc
Burch Creative,goajo6
Business Finland,779ffb
Buying Labs,vbbb1g
Byma,9cyg5d
ByteTrade,ptzfrs
BYX,6iwa5t
ByzantineMarine,2q9s6q
C Squared,h97beq
C&P Immobilien,t6e1va
C16,bu2mhb
C2,7efyp0
Caballeros,wldl30
Cadenza,nk4njt
Caffeinated,ky4d34
Calibrate,vjyn5q
Callapina,q2yhs8
Callisto,4apzxz
Calm,hamhvv
Calvin Liu,isx1ik
Cambium Grove,ypypyu
Cambrian,f7ccbr
Cambridge Associates,03yfei
Cameron The Explordinaire,vap740
Campbell Lanier,x3ijol
Canary,tzp7ne
Candaq,h3elac
Canonical Crypto,596ql7
Capital 6 Eagle,pqox07
Capital Factory,fyqab6
Capital Lab Ventures,2ksxgk
CapitalX,iygktq
Capture,e1im3l
CaptureAlpha,wqn9ms
Cardano,nrotlx
Carl Rosen,j8cr7e
Carnrite,2enw83
Carthona,pmg1r8
Cartography,dhr2z2
Casey K. Caruso,2njhsb
Castiventures,6q3rb7
Castle Island,tfbeoa
Castrum,xilrw4
Cataliize,x2hmqv
Catalyst,e4n54t
Catalytic Impact,spe24s
CatcherVC,ta5llm
Catenam,r4uuo1
CB,606zzb
CDAM,h25hqb
CDF,kcao98
Cecilia Li,oplwzc
Cel-Fi,hayr62
Celestia,70b3g7
Celo,q8to28
Cem Kozinoglu,fzd0ha
Centrality,hq4myf
Centrica,lepbce
Ceras,xvqjcw
Cercano,jart23
Cerulean,9jairy
Ceyuan,0wramd
cFund,l0z3fx
CGV FoF,xml0tr
Chafic Kazoun,hbf50y
Chain Collective,tv2wj1
Chain,0msybz
Chainfund,xr8iwa
Chainfunder,b8g963
ChainLayer,jsmrlo
Chainlink Labs,e3ul8g
ChainLink,dsl20s
ChainUP,q8nh5s
Chainview,bdpmv2
Chandler Nichols,m5mkim
Change Com,2xll81
Chaos Capital,zfcdde
Chapter One,gwix1y
Charge,4l2hcd
Charles Huang,xec29c
Charles Songhurst,saw27c
Charlie Lee,o26rsd
Chase Lochmiller,kox5i6
Chateau Crypto,mkgpcb
Checkpoint,irghgn
Cheetah Mobile,m745wj
Cherry,67fqhy
Chestnut Street,stvmbz
Chicago,gmmhsu
Chih-Yuan Yang,lhx9kn
China Mobile,mgr0n3
China Union Pay,66hega
ChinaNet,2zbjm7
ChinaPolka,5dok1r
Chorus One,la4mmt
Chorus,hspqs1
Chris Coyne,phdncr
Chris Hobcroft,eumauw
Chris Kurdziel,dbskiw
Chris Larsen,d94gym
Chris McCann,ybj995
Chris Wiggum,ah8pl4
Christian Kaczmarczyk,lfyin7
Christian Stroh,3t07jb
Christian Trummer,ni2m14
Christoph Jentzsch,04dk8s
Christophe Groh,jb5rmn
Christopher Chang,54sc23
Christopher Heymann,iutpl6
Christopher Ré,03hx49
ChromaWay,wgnv1v
Chronos,8a2od5
Chuango,gyce3n
Ciarán O Leary,vzue8e
Cindy Bi,stpica
Cipholio,ri09e0
Circle,68yk0j
Cisco,x4fp89
CitizenX,cnjnvc
CK Vishwakarma,c7zvou
Cleo,5wgx9l
Clever,u2w7b1
Climate,4zunln
Cloud Nine,4huuqd
Club Italia,2t0mdx
Cluster,vax8ny
CMB International,lx2am7
CMCC Global,l70dye
CMS,q4ztc2
CMT Digital,suthoi
CNK,9cx72l
Coach K,ncqu3d
Coatue,q2gdyi
CODELTA,oy2wzi
Cogitent,bxcu1r
Cognitive Blockchain,tuqdxz
Coho Deeptech,bax7uz
Coin98,voobdr
Coinbase,73opsz
Coincu,03ew5g
CoinDCX,5d2mm5
Coinex,4sf6wm
CoinF,zu1950
Coinflip,fadhn8
CoinFund,szfiug
CoinGecko,uwgwnq
Coinix,h8sw72
CoinList,bfs2r3
CoinsGroup,htjmml
CoinShares,skjtm0
Coinshift,zc36dj
CoinSwitch,oxwb9m
CoinTV,2i86sw
CoinUnited.io,cakqs6
Coinvision,usw204
Collab+Currency,zaf9xh
Collaborative Seed & Growth,gg6rnf
Collaborative,isf2hj
Collider,kaftnr
Collinstar,dstkk5
Colopl Next,eecm9d
Color,r5sj96
Columbia,xxojpr
Comcast,iu4bcb
Comma3,k0celj
Commando,zajrom
CommerceNet,sjrb8d
Commodity,jn6ek2
Common Metal,osmf1q
Commonwealth,5x9ujp
Compa,qh9y6v
Composable (Financial Software),jmdud3
Compound,mqgff4
Compute,maid89
Congruent,z29ewp
Connect,l0ve70
Connectico,0hcymb
Connext Financial,xiwarw
Consensus FinTech,3av5f4
Consensus Lab,hxmvxz
Consensys Mesh,vh40ts
ConsenSys,p7lpx4
Constantino Voulgaris,wtmpjt
Construct,5bnlru
Contango,2bl1fj
Continue,2ckrz9
Convective,xz7t5c
Coolclicks,cd6uvj
Cooper Turley,21e2s8
Coral DeFi,fjt6b4
Coral,410ofn
Corazon,idrlmo
Corbin Page,pf49q9
Corner,ylo81y
Cosmos,67afgf
Cosmostation,78w4y0
Courtney Guertin,wbr2bp
Covalent,bcnphy
Cowa,u1wx4a
Craft Ventures,i6sgg1
Craftory,oonxc5
Crane,cm381r
Crasolum,ltf0q4
CREAM,3vixai
Creandum,6qqzvk
Creative Artists Agency,dm8c6w
Creative Destruction Lab,6erxyq
Credo,bsrlyc
Cristian Raygoza,yqrwim
CRIT,1k9g0d
Criterion,6uuq9l
Cronos,28j4vq
Cross Ocean,ji05td
Crossbeam,m9q98s
Crowdcreate,4t27eh
CRT Labs,jefoou
Crush,7ny99e
Crypto Banter,l89xw2
Crypto Dorm,bd260g
Crypto Snack,rvvd5u
Crypto Times,tuxed4
Crypto Valley Venture,qbk051
Crypto Ventures,r2w61y
Crypto.com,ubwov4
Crypto3,7k7kbw
cryptocalibur,7jqyom
CryptoDiscover,akokzi
CryptoFOMO,pjahyf
CryptoLark,4su8hb
Cryptomeria,itt1l4
CryptoViet,enemyk
CSC Upshot,box926
CSP,6hezki
Cultur3,04mlyu
Cumberland,f40lhg
Curiosity Cap,zyxvem
Curiosity,q1nyr0
CV VC,8a0izu
Cyber.Fund,ho4zrz
Cyberight,pmco7y
Cyberport,t8rmuj
Cygaar,wj0lqc
Cygni,nbuvjs
CyLon,nfgv6v
Cypher,798xl8
Cypherpunk,zr4o5l
Czhang Digital,lzrigs
D1Ventures,m6mz4i
D21,nu9e33
D64,3yr1j5
Daedalus,ynh9fg
Dal Innovatives,vpbh0h
Dan Romero,k2s470
Daniel Friedman,26rhvc
Daniel James,bjj1gw
Daniel Kan,636uvg
Daniel Mathon,bl0wyj
Danish Chaudhry,nbh8i8
Danny Christ,y6x2dz
Danny Newman,x7118g
Danu,uqjmp6
DAO Jones,j4xyuk
DAO Maker,ia20oh
dao5,r54jbx
DAOBali,3ps8ee
Dapper Labs,2mccdz
Darco,pbxwvb
Darius Griffin,x3p01b
DARMA,kv8oq2
Darq,1k4qxq
Darren Camas,15begf
Darwin Venture,moytsr
Dash,4dqura
DATASH,ryj5he
David Bettner,s6i5sw
David Chen,bhbw5b
David Choi,bbcbhk
David Eisenberg,gvjegy
David Gan,v3r6q3
David Helgason,spcuji
David Hockley,7itbm5
David John Atkinson,b88od5
David Lincoln,6ln47x
David Magerman,lod09d
David Morin,ud4lcv
David Petersen,5sc7r6
David Segura,uwvjkn
David Sneider,qvgc2n
David Tseng,wfo4z9
Davidovs Venture,iawzwu
Davoa,7065hj
Dawn,my802w
DBA,0tsmyr
DCG,apd14v
DCinvestor,ib18pd
DCM,jtci9b
DCT,gpswp8
DCVC,ambkkn
DDAO Hunters,tpcj7y
Dealean,ck6wgr
Decasonic,rbelby
Decentral Park,3b0ihr
Decision Tree,qqtb99
Deep Space,rymjbe
Deep,7c9h68
Deepak I. Shahdadpuri,fjd1uy
Deeptech,hc1ro0
DeFi Capital,t76awu
DeFi Dad,lkgkfl
Defi Research Institute,o4gps9
Defialliance,tfdh2e
DeFiance,qp5s3g
Defiants,pltz40
DefinanceX,dqrrco
Definition,64cas2
Degenerate Apes,j2izfv
Dekrypt,6jj8ov
Deloitte,tlw2rt
Delphi Digital,67mqz0
Delroy Bosco,6t1kr0
Delta Blockchain,drq7a8
Delta-v,7eqfdf
DeltaHub,35e9e6
Denali Digital,xfwkcl
Denlow Trust,46w9xn
Deosai,sk71ns
Derek Andersen,rjcwff
Derek Colla,84vchg
Deret FD,5ryb7f
DeSpread,jkb7hq
Deutsche Finance,6n1shm
Deutsche Telekom,7dddth
Devang Nirala,2ossdx
Devfilo,s10ggg
DevX,xk9vnv
Dewhales,jux8mr
DEX,eksjs4
DFGhips,ee27i4
DFINITY,sgvqqt
DFund,ymnjdr
DHVC,772xwk
DIA,92bx7w
Dialectic,s0sfkv
Diaspora,8krsge
Differential,nj1mri
Digital Asset,dnu31w
Digital Finance,r2lof0
Digital Garage,19pz0d
Digital Renaissance,b1hrk6
Digital Strategies,8e6e1u
Digital,dc26g1
Dilan Dane,akwngz
Dima Starodubcev,o01d9p
Dingman Center Angels,omlxhk
Diogo Monica,ub70vu
Dion,ddz0bc
Disclosure,m4su31
Discovery Communications,xqdbmz
DISH Wireless,391xou
Disney,vkfbt5
Dispersion,9oo0xs
Distributed Global,sknhsa
Distributed,wux3o5
DiVentures,d8ocj0
Divergence,0y8voh
dlab,vwl1vt
DMP,hhylf0
DNA,nogms2
DNV,p296oy
Do Kwon,li943w
Doble J,v25i1p
DODO,zirsty
Dokia,b4hdjb
Dominance,9wes1b
Dominic Donofrio,v2r2oo
Dorm Room,qxxzbk
Dots,ebviw5
Double Peak,n0g582
Double Top,0bht16
DoublePeak,18l8yx
Draft,vuhvkv
Dragomir Anguelov,4qiys7
Dragon Roark,y7zqs7
Dragonfly,5tj4jx
DragonRoark,bnzukt
Draper Associates,uwmmpg
Draper B1,rl7vtp
Draper Dragon,caojlf
Draper Richards Kaplan,rwkoys
Dreamboat,tel396
Drive,jm7s76
DRK,jflrdj
Droid,mlynhb
Drops,lrxdc8
Druid,j1rzkc
DSG Consumer,d5yu3p
DST,winl2g
DTC,cm4vap
Du,c94bgn
DuckDAO,yi5hs8
Dukakis Tejada,32xkrh
Dunamu &,2qq5uc
Dupe,ud2iej
Dusk Network,opc76c
Dutch Crypto,chxmjc
Dutch Flower,nuuvcg
DV Trading,qcgxlc
DVNCI,qzffto
DWeb3,qreqzv
DWF,i98114
Dylan Field,48kg9t
e-LogiT,9yr6ry
E-Merge,x14dla
Eamon Leonard,56m0g5
Earl Grey,qzqxez
Earth VC,6342ai
East,tsm1o4
Eastern Epics,zmuz4i
Eastern,ki7fc2
Eastlink,k5q5k9
Eberg,3hpi7k
EcoFund,g9rb5v
EcoMachines,56yopi
Edelweiss,fygzvo
Eden Block,jitv3q
Edessa,ry12po
Edge & Node,23f4q2
Edith Yeung,j8aaas
Efficient Frontier,wc20rz
Efiko,xznxug
eGirl,kk8zod
Eileses,6vs8gm
Einsvill Labs,g40hwu
Eisar Lipkovitz,lmdm54
Eitan Pilipski,tpfed4
Elad Gil,ul6tyf
Eldridge,p13hxp
Electric Coin,m5pwht
Electric,z6cdtc
Eleftherios Diakomichalis,b9dhtc
Elemental Excelerator,z7brmm
Elia Asset,91clzc
Elizabeth Hunker,aj65x1
Elizabeth Yen,uzt9g9
EllioTrades,8uhea5
Ellipti,knw63n
Elliptic,qfad67
Elves Long Term,rx31o6
Emanuel Ferm,2igv5u
Emergence,31tqgm
Emergent Entertainment,8akn04
Emilie Choi,jwgb9c
Emin Sirer,ia3tqb
Empty Set,lygwx0
EMURGO,8zsugm
Endure,snhh59
Energy Impact,eyf1w2
Engie,8em4a3
Engineering,p13mb7
enigma,vxxepe
Enjin,c7vsth
Enjinstarter,czduss
Entheos,r5e7lg
Envision,9ectn9
Epic Games,9sg91a
Equilibrium,1b3xfu
Equinor,u31dfa
Eric Arsenault,mgnesp
Eric Schmidt,ordhvp
Eric Yuan,n2imyr
Eridani,1k3sod
Erik Ashdown,szewq6
Erik Erik,ag8xow
ESADE Alumni,4vwd01
ESC95,akmu2d
Escape Velocity,7zvxz8
Essence Venture,umdkfq
Esther Dyson,dfcg6x
Eterna,vw2n89
EtH Design,grev3h
Ethan Beard,g7agdk
Ethereal,wjmt17
Ethereum,8fec61
Ethernity,6gkso9
Etienne vantKruys,rwthif
Eugene Leontovskiy,lagcw0
Eugene Marinelli,4nzcwa
European Commission,phnmc1
European Regional Development,wweijf
European Space Agency,vmmb09
European Super Angels Club,zd61np
European Union,k9wwxc
Eutopia,o0rx1i
Evan Cheng,lm317i
Evangelion,xeklhm
Everest Ventures Group,goald7
Evernew,t5b3g5
Evernym,cn32xf
Everstake,2p413m
Everstate,430dvj
Evgeny Zandman,8l2m10
EVM,kvs8ga
EvoNexus,4xtwec
Ewald Hesse,qtus0d
Ex-Capital,8v67z1
EXA Market,h0xk6e
Exelixis,n9fb33
EXFI,2td0q3
Exnetwork,xx442f
Exto,eogul3
Extra Watts,qxuz9y
EY,4mxvwg
F.actor,07ofjt
F2 Venture,zfetjw
Faber,ettzsx
Fabric,4x7qfo
Fabrice Grinda,cllmwd
Factblock,2o1qgx
Faction,7tqz0l
Factor,rmj9ht
Factory,wloi1k
Faculty,k1qvmn
Fair2Lab,gzipi5
Fairum,zdzojb
FalconX,mhnbyi
Fan Zhang,b5zlwp
Fantail,7zvtvf
Farid Rached,yjw8np
Fasanara,5sjxy4
Fat Cat,hxk2ck
FBG,lfbmt3
FbStart,0pg1hz
Felicis,bu5d49
Fellows.Fund,1lob3h
Fenbushi,mywjsu
Fermion,c0nqis
Fernando De la Torre,43gceu
Fernando Martinelli,469hl6
Ferrovial,25jwrn
Ferrum Network,kfrb1r
Figment,uwuv2v
Fika,f9vl35
Filecoin Faber,hkoh0e
Filecoin,drdidh
Filip Wolski,doumq4
Fin,supj15
Finality,074afi
FinTech Collective,e338ka
Finture,y2lysu
Finventure,sn3smj
Fiona Kelly,0yezfi
Fireblocks,1kptr4
Firestreak,cs5wgp
Firework,t8bx9f
First Block,7e0mh4
First Cheque,lfk2td
First Impact,njueo3
First Principles,laupoy
First Round,8nd6rp
First Star,q2r9ba
FirstCheck,2ef10k
FirstMark,biweh7
FirstPort,l765bu
Fish,w9rvnt
FishDAO,ncaski
Fisher 8,67nk5m
FiveT Fintech,wrzaj6
FJ Labs,h58ujg
Flamingo,h9k79h
Floating Point,aoxz1k
Floem,0y66ov
Floodgate,vydmt3
Flori,ajzzhi
Flow Traders,9d13la
Focal,4ufrbu
Focus Labs,9va778
Folius,ifb7yv
Follow [the] Seed,5qx1w8
Fomocraft,rh0j4p
Forbole,h25qln
Foresight,uktppp
Forest Road,jp97kv
Fork,qogp0a
Form,rip35s
Formless,6ln74n
Fortified,aju8zg
Fortune Fountain,ht2snh
Forum,yu0vkh
Forward Research,7hwz6f
Fos Finance,ah5qcu
Foundation,9td18r
Founder Collective,mpsbnn
FounderPartners,gizch2
Founders Future,1btbzp
Founders Inc,b55yh4
Founders,9btyj8
Founderships,8bpixq
Four Seasons,1afbvj
Fourth Revolution,1b7u42
Fractal,cnvaxn
Framework,yx4w71
Frank Thelen,2g0hhd
Fred Ehrsam,2sc5z5
Freddy Vega,4q2ow9
Free Company,84ay2m
Frees,sqkxbd
Freigeist,llvibw
Front Range,2v36po
Frontline,1h28wi
Frontures,2t7a1q
FTX,ihumfm
Fuel,om70hw
Fujitsu,p78m0o
Full Tilt,udnk74
Fundamental Labs,n5z0zx
FundersClub,bb4qnj
Further Future,3u3gqf
Fusotao,nuolrg
Future Discovery,rqlsps
Future Life,xz1vnr
Future Now,ivz32u
Future,zr0rlv
Future\Perfect,1labbf
Future3 Campus,c9uxrr
FutureLabs,20umuw
FutureMoney,6c0yfx
G-Force,hbiw3h
G-Startup Worldwide,e7wtgl
G1,mar9ip
Gabby Dizon,aeoxcb
Gaby Goldberg,xrje2b
Gaingels,2o6wn2
Gains Associates,wrehju
Gal Chechik,nzep63
Galaxy Digital,44e83n
Galaxy Interactive,nlqu6w
Galileo,cznutg
Galion.exe,a7a5r8
Galxe,geps91
Gandel Invest,8ygsak
Ganesan Swaminathan,zart5o
Ganesh Swami,zf8iq9
Ganeshram Gunalan,9kbvyo
Garage,lb3dac
GarageCapital,o0iklv
Garuda,ky6ou4
Gary Lucas,qd41qe
Gary Vaynerchuk,etvd3c
Gate.io,i1vs03
Gaurav Munjal,8fv3lj
Gautam Godhwani,i88831
Gautam Shah,vnz62k
GBIC,kottog
GBV,rlo5x9
GC VR,1qi0o8
GD10,okjrd0
GDA,dm8n2p
Geekcartel,7zxuth
GEM Digital,m65oq5
GemHive,2stlpq
Gemini Frontier,c047hh
Genblock,5dsvsj
General Catalyst,hm8wrp
GenerationS,e3clcz
Generative,jki94w
Genesis,5lwado
Geometry,n231lw
George Burke,ofjyek
George Gilder,ja06z4
George Hallam,f91vtn
George Lambeth,tfkff0
GFR,qriiq5
GFS,lsc0yi
GGV,yirgyu
Ghaf,jcbbxl
Giant Step,9f6273
Giant Steps,nbvzm3
Giant,1ojs3d
Gigi Levy-Weiss,3qhfkz
Gilo,ceatyy
Girnas,og4xif
Gleneagles Securities,k4kgrp
Global Blockchain,u13una
Global Coin Research,jshpe0
Global Emerging Markets,c6y1mj
Global Founders,qrpe0z
Global Growth Access,09zqe3
Glock,6qjs9a
Glynn,d2so5g
GMI,csyvh3
gmjp,bt0gqk
Gmoney,4j98hb
Gnosis,5aftnd
GoAhead,7klad7
Gobi,3wgvij
Gokul Rajaram,fks0iz
Golden Record,9ytj68
Golden,vpdazm
GoldenTree,dzx3xa
Goldich,zmg095
Goldsworth,4lf3qu
Goncalo Sa,lo28h3
Good Games Guild,4jm919
Good News,aw6d9h
GoodLight,74s00h
Goodwater,x10a41
Goodyear,q062d6
Google,yont93
Gossamer,dc1d3b
Grand Park,wln03g
Graph Paper,8r5o1d
Graviton,2pp0xp
Gravity,bqmpxo
GravityX,mlhi9g
Graycell,ckjv3m
Great Wall Club,o7js4i
GREE,sqo7f5
Green Angels,5e17r6
Green Arrow,jkznu6
Green Egg,wpxgx7
Green Era,1ehkky
Green Pine,6lkk39
Greenfield,wir0cg
Greenoaks,0a3jap
Greg Kidd,08hz7d
Greycroft,4vsf2b
Greylock,419x6r
GRI,muiz99
Griffin Gaming,wvda7j
Grizzly,6oicpo
Groundupp,oqxxne
Grupo HS3,5z78zh
GS Futures,6bvve4
GSR,v81ftp
GTS,ldgrye
Guildfi,gokqn0
gumi Cryptos,y5m26s
Guy Kawasaki,p7qu8t
GWC,84ui2r
Habitat,1bq4ds
Hack,a3mqq8
HackerLink,22saty
Haitao,e3qnb5
Haivision,8one47
Halvings,b57s8m
Hannah Grey,exjncl
Hansa Network,68e0bl
HANSAINVEST,4nohge
Hanwha,wcrsby
Hard Yaka,9n4okv
Hari Bhatia,1ixehb
Harmony One,curksv
Harrison Metal,dfsp8g
Harsh Patel,xuzons
Harsh Rajat,l4gut1
Haseeb Qureshi,5xvyy9
Hash Global,us9d7q
Hash#CIB,yoijyl
Hash3,qrf4l1
Hashed,ja2261
Hashgraph,jy83oo
Hashkey,nxzb7m
Hatcher+,g3q5mo
Hawktail,s2rvpp
Hayek,fc4tet
Haystack,ujjw80
HBO,etiakl
Headline,zagn6s
Healthcap,680vbf
Heartcore,awafbg
Hedgewood,vfc1ky
Hedosophia,8c0fcu
HEFCE,0pcodk
Henley,sj0zmo
Hero,hofy4x
Heroic,r98x19
Heuristic,ugqddc
Hex Trust,et88de
HG,nqkr1o
Hidden Muse,q6o5fc
High Naut,33rsis
Hike,jt8hmb
Hill Harbour Trading,7lu5le
Hillstone,e0v4rn
Himanshu Sahay and,aua9tf
Hivemind,16a7gt
HoaQ,rx3q1j
Hodl,39iz1e
HOF,5s605e
Homebrew,tgyjdv
Hone,af2ees
Hongbo Tang,b5zicz
HongShan,3xr5rh
Hortifruti Natural da Terra,tlnemh
Hot Labs,ig0so4
Hotbit,h7yooe
Howard Lindzon,u2u1mx
Howard University,mdb8di
Howard Wenger,hm6c6t
Hsuan Lee,f0bgb0
HTX,sz5akr
Huawei Kong,zyybpp
Hudson River,lg8vhc
Hulk,lox6un
Huobi,t7xkdd
Hustle Hard,l73m6h
Hustle,nio0gx
HV,fn2hky
Hype.eth,s9mklm
HyperChain,gftio8
Hyperithm,90k6bh
Hypersphere,vkntey
i systems,y2bxy5
IAC,ifm0v5
Ian Propper,7t2d0s
iAngels,ykd20k
IBC Blockchain,bzh3wn
IBC Group,8yyont
IBM,76c6i8
IBS Software,pr1zjq
ICE,i98ktk
ICI,y1thi4
ICM,4vwk0l
ICO,pcdwc6
Iconium,z3ngzr
IconPlus,9pp2xp
ICURe,gkjom1
ID Theory,2imimj
IDEO CoLab,l7sko2
IDG,f5avgu
IGAZ,mxfixe
Ignite,c9dgeq
Igniter100,st9ohk
Igor Shirokov,vekler
Ilkka Paananen,bqhtyc
Illuminati,xdw0yr
Illusionist,9xb78i
Iluminar,zmmaj6
Imagination,wagxxr
imec.istart,lhpass
Immad Akhund,gcq9cr
Immeasurable,3j9dp1
Immersion,jn1ani
IMO,d2hp6f
Impact Venture,5xh3qr
ImpactAssets,l2sa3p
Impossible Finance,ixk61j
imToken,w9dy7u
In Square,ghumon
Inc,jn43xi
INCE,cnyjaq
Inception,s4jf02
Inclusion,3uz422
Incuba Alpha,q9nh9n
Index,ck41hn
India Quotient,t0xroa
India TV,2roey0
Indicator,867w8g
Indigram Labs,8vrydr
InDro Robotics,z7e0vq
Infinite,fxmvug
Infinity Crypto,870le2
Infinity Labs.,22iktu
Infinity,rrtsc3
Inflection Point,5vzkab
Inflection,e7om6t
Influx,t46hjx
Ingressive,akr1i0
Initialized,r6v4in
Injective,4nrz2n
InnMind,t6uue7
Innogy,0127i5
Innovate,ot6qbe
Innovatiefonds Noord-Holland,ot98pp
Innovating,q7dhth
Innovion,jw4wz7
Inovo,a1h612
Insignia,4uri7e
Insignius,97h38q
Integra,p4hs0l
Integrae,umz5z8
Interchain,i3u36b
InterVest,gxyy7r
InterWest,k4y02w
Introsight,tptsn3
INV,4khk4w
Invictus,6uctn4
IOBC,lp0gdl
IOSG,i1x9du
IoTeX,g4z7os
IOVC,t571yz
IP Group,8ulqrg
IP,1dngmz
Iron Key,cchzn2
ISAI,tn6s29
ISEED,2x1lbw
Istari,o2fphw
Itamar Lesuisse,i3z0du
IVC,ffo7hj
iVerse Vision,wtzat2
J Ventures,jmhi4v
J.P. Morgan,nkrulw
J17,ldzkf8
Jaan Tallinn,ccfk2o
Jack Herrick,vn2xbi
Jack McCauley,q5rv1y
Jackalope,vy2caq
JackDaw,d752i2
Jacob Blish,zk01ag
Jade van Doren,bcamtz
Jafer Makki,tmcih2
Jake Chervinsky,fwm3hf
Jake Harwood,j5a8b4
Jake Paul,1u0fcq
Jake Seid,qivqf5
Jakob Uszkoreit,hnvfm3
James Everingham,9b0n2b
James Fayal,ofm89h
James Parillo,kaduov
James Park,2zrpz0
James Vincent,9id98s
Jamie Dubs,fk1fe5
Jamis Johnson,68ov85
Jana Messerschmidt,izhh27
Jane Street,cji8w5
Jani,d9murm
January,n1w9x7
Japan Energy,bgl0oz
Jasminder Gulati,2gyewh
Jason Derulo,j7hgx5
Jason Dorsey,1b31w8
Jason Green,psf709
Jason Warner,c8adar
Jatin Mazalcar,knxp8u
Jaynti Kanani,yfrryp
JC Team,mgr5kn
JDI,vzqumt
Jean-Denis Greze,lxl0a7
JECO,xkxso5
Jed McCaleb,ujck30
Jeff Hammerbacher,zkz4v0
Jeff Morris Jr,vvn12f
Jeff Ward,oee9lj
Jeffrey Schox,nc413e
Jennifer Campbell,t50iac
Jess Sloss,e22hk8
Jesse Grushack,ftggor
Jesse Pollack,qseex0
Jets,ekpeem
Jetstream,3q8qbn
Jez San,qcqrf7
JI,gw5y68
Jie Tang,8f7soa
Jiho Zirlin,k778fp
Jiho,eehu3u
Jim Robinson,gleu8u
Jin Kang,ons3en
Jinglan Wang,50jw3f
Joe Levy,66zxk8
Joe McCann,inqapg
Joe Stump,7qpopw
Joe Tsai,0rupj0
Joel John,fsyot8
John Eales,vghgy8
John Fiorelli,tc6q3y
John Gheur,0y9ptr
John Hennessy,6ban6b
John Josephson,5h9mpc
John Lilic,j471wi
John Lilly,737vw6
John Mack,7c2xqy
John Rutledge,mssm5f
Johnny Steindorff,vaig4c
Joint Journey,qk8lne
Jon Choi,r21x33
Jon Linton,oyirya
Jon Wellinghof,hpcwz5
Jonah Hong,mdznvx
Jonas Schneider,fw4cc9
Jonathan Levine,ty4xtv
Jonathan Seaton,a361c4
Jordan Messina,x873w6
Jordan Sexton,n6kv8g
Jordan Tigani,q7s8dk
Jordi Vallejo,yzamin
Joseph Lallouz,hai5f5
Joseph Lau,vneh4n
Joseph Lubin,blk96m
Joseph Thomas,q5m1p9
Josh Fraser,peq6op
Josh March,3251gx
Joshua Goldbard,ejxwgz
Jove,pm15uy
Joyance,3vy365
JPIN,i8evbl
JRR,z2pfjb
Jsquare,8zouxb
JST,17h240
Juan Benet,zbmcb4
Jubi Labs,37htak
Julia Hartz,2vxsqs
Julia Lipton,h3klar
Julian Zegelman,8kw5cu
Julien Bouteloup,szeaj0
Jump,4ssdn4
Jun Gong,9r6aaf
Jun,e9qwvr
Jupyton,87tpbd
Justin Boreta,0p4k7g
Justin Kan,0e5as0
Justin Reyes,rp0ik4
Justin Waldron,soken3
Jutta Steiner,zbwc1y
Jyri Engestrom,i1seo2
K Street,4xreo2
K24,pj4b1s
K300,gi55pp
K42,ofcma6
K5,3x72a9
K50,0pxgvj
Kain Warwick,f5o3jl
Kairon Labs,vmlzwp
Kaiser Permanente,cwh18x
Kaito Kaito,3z06cc
Kalyan Krishnamurthy,u5jibe
Kami Parsa,qhtpr6
Kane & Rao,8x2dx9
Kangaroo,1kxhn8
Kano One,3keso5
Kanwaljit Bombra,d8l3f0
Kapil Dev,ycxt5s
Karatage,ucmbtp
Kardia,snubsq
Karim Atiyeh,krji44
Karim Varela,6p6ssw
Kartheek Pulavarthi,hzmyi0
Kashif Raza,vxrpsy
Kaszek,nvi3i0
Katapult,iebjfe
Kathik Garg,n463s0
Katy Perry,safmd6
Kaval Bombra,lcnm5k
Kayvon Beykpour,h32wcl
KE,by4pbo
Kearny Jackson,p2kq36
Keith Masback,d4l9mo
Keller Cliffton,57ktg0
Kemp Au,wd3noh
Kenetic,micofj
Kenneth Johansen,ibmmdz
Kenneth Ng,dbnrgb
Kenzi Wang,wohqmd
Kenzo Labs,fdzd99
Keone Hon,v28nvp
Kepler,mjt6z5
Keplr,i89h0e
Kernel,yv5v8q
Keshif,3bni11
Kestrel,1ojew7
Kestrel0x1,3wmu8j
Kevin Durant,d6m812
Kevin Hartz,z7jgni
Kevin Mahaffey,9pb2mx
Kevin Moore,551q4x
Kevin Systrom,nqicih
Keychain,ysou15
Khosla,s5s0ze
kichinvest,myxtw6
Kickstart,hnd2e9
KID,oh018j
Kima,egtjkt
Kindred,ybmlzh
Kinetic,3a4l8c
King River,ztth3k
Kiran Bhatraju,kdz1ka
Kirin,zyyr5b
Kishore Ganji,ptvey1
KittyHawk,tn0wwd
Kleiner Perkins,u3ke67
Knickerbocker,eg9pp3
KodaDot,uqfti3
Koen Bok,xw0zu2
KohFounders,u8s1ak
KOI,3krjgm
Koji,0k831w
Kommune,7dehxu
Kondr,jzrat5
Konglo,jjax7d
Konstantin Koos,uilrdd
Korea Development Bank,b2zac5
Kosmos,9p60sa
KPMG,mt8ttl
KR1,ujw2s3
Kraken,qd0p5n
Kraynos,5175b7
Kredit,50jszy
Krenex,sn094y
Kretos,ardv2y
Kronos,bvyx97
KrowdMentor,16ps32
Krypital,qu9as2
Kryptos,wqz1py
Kube,q84v53
Kucoin,azofz8
Kunal Shah,t4yd43
Kurt Bilafer,xlaqe8
Kyber,dpvve5
Kygo,cywns1
Kyle Vogt,nr45cw
Kyler Murray,vlqjau
Kyros,4cvh3k
L&S Venture,sveznn
L1 Digital,hmfg3c
L2,1hc0e8
L2IV,gha27i
Lakestar,q2tl8d
Lakshminarayan Swaminathan,1d0vnd
Lan to,hyymt5
Lance Tracey,837q2c
Lancer,3wlhk2
Lanebury Growth,3vlmii
Laser Digital,fhd6hx
Lasse Clausen,lwwz2r
Lattice,q9qqsj
Launch Alaska,a3dnz6
LAUNCH,a3lqus
LaunchCode,qzpg6s
Launchpool,ehuolk
LAUNCHub,88qc33
Lawrence Lundy,l6s6c9
LayerX,xq7npm
Layne Haber,5qcfza
LBank Labs,89glxu
LCG,kswqei
LD,qqc9zd
LDA,8kqjbk
LDV,8ff4am
LEAD,4fks6v
Lechuza,ff0uq6
Ledger,rnu4s2
LedgerLink,864q70
LedgerPrime,zzypcf
Legion,9wxc8s
Leigh Braswell,ah0a0s
Leland,hqbyqg
Lemniscap,kjm7ph
Lemon Grass,m735kb
Leo Cheng,wq8t91
Leonis,0gxopv
Lerer Hippeau,wkf49g
Leyden,7c0m37
Liang Xinjun,umf2rw
Libertus,sk9qn6
Liberty City,f0g01v
Liberty Global,80vsaw
LIF,soy2bu
Lightbank,lr20nt
LightShed,r4ood6
Lightshift,tf8yn4
Lightspeed,rwhpsx
Lihi Zelnik-Manor,qvg9oe
Limestone,kvp438
Lindsay Pettingill,n9fxs2
Lingfeng,6q7dh3
linker,aiqhf6
Linkpad,d8iuux
LinkVC,9205ui
Lip-Bu Tan,rnhq72
Liquid 2,dc47oz
Liquid Avatar,g2i6wt
LIQUiDITY,jspppz
Litani,3egzcf
Lito Coen,d7vmfz
Litquidity,8c25ay
LlamAS,8egclo
lllia Polosukhin,zwue16
Lo Enterprises,vdyl97
Lockheed Martin,q7n0kr
LogX,hiczng
Loi Luu,6iqdv9
Lombardstreet,dliu7c
Long Journey,stdr1v
Long Tail,4giokv
LongHash,po8xe3
Longling,jynpbk
Lontra,6gj1wa
Loop,i5wxg4
Lotus,fnoivv
LoVC,wiocb2
Luben,bb8l1y
LucidBlue,lkbsw0
Lucky Car,x5uack
Luganodes,dgr3qv
Luis Cuende,il7ua1
Luka Sucic,5kunmp
Lukasz Kaiser,1a31l7
Lunar Station,qckvg6
LuneX,hqpm32
Lupa X,mlarvo
Lux,9tdi8p
LVT,6ewe4i
M12,q3nv50
M13,80qehd
M31,b1ba0p
M6,l1yhc5
M7 Real Estate,6b3fe3
Maaria Bajwa,53hd8j
MacLane Wilkison,z9ht3t
Madhuri Dixit Nene,ia1dup
Madison Paige,mxcxrg
Maelstrom,rd2mzf
Magic,0tzlng
Magnetic,ujk97b
Magnus,243kcn
Mahesh Ramakrishnan,pmx14k
Mahesh Samat,glao82
Mahin Gupta,llw1q8
Mai Fujimoto,qxfsh5
Main Quad,hak3sv
Mainst,aomyrx
Makan Family,qw4aok
Makers,a4hdnk
Malabar Angels,w3mg1d
Mana,9edg3l
Maneesh Sharma,ru6grc
Mango.vc,3szsa2
Manifold,eij6bk
Manisha Gupta,vj7qw8
Manohar Charan,314d7e
Mantis,7tpa9b
Mantle,nnv6q8
MANTRA,uksen6
Manuel Bronstein,3aevc3
Mapleblock,tzyxtr
MapleLeafCap,0wwz1m
Marc Benioff,6ojf3f
Marc Bhargava,08avju
Marc Brands,spo1sh
Marc Randolph,ipknt7
Marco Argenti,3gph14
Marco Carrubba,ct9jfu
Marco Cora,gfrejr
Marcos del Rio,lapep1
Marek Olszewski,eqzxf8
Mariano Conti,mlsidm
Marin Digital,qyzsbd
Mark Cuban,pkboiz
Mark Gillespie,vameup
Mark Heus,niilon
Mark Joseph,f3ofqn
Mark Leslie,grut3l
Mark Pincus,mlmbyn
Mark Ranford,rid27c
Market One,q8aum6
MarketAcross,p21tot
Marque,m361f9
Marstar,o58u89
Martin Bandier,onlub6
Martin Green,etvgeg
Mask Network,thxgaw
Mason Borda,akhe1r
Master,ka4f30
MasterCard,xydyea
Matias Muchnick,ay6zw8
Matrix,ikeqay
Matrixport,beum1u
Matt Colon,v2y03d
Matt Condon,el1juk
Matt Elston,1tnc8x
Matt Pauker,2rpeeh
Matteo Riffeser Monti,ivux29
Matter Labs,4mvdzs
Matterblock,to40x8
Matters,rfjybl
Matterscale,azeayu
Matthew Bellamy,erx8op
Matthew Eggers,6tdtou
Matthew Liu,5q4e79
Matthew McDonald,o4h84m
Matthew Ocko,zge5vh
Matthew Slater,u49yhz
Matty Soudagar,tivoxv
Maven 11,xgzede
Maven,967a4z
Maveron,x5xtnu
MAVM Angels,iy5jcg
Max,11ic7a
Maximus Richardson,xc3d4p
Maxwell Krohn,t0ydan
Mayur Gupta,jf4tai
Mayur Relekar,ka3b7r
MC Lader,38n337
MCJ Collective,8kjayp
MCMA,yixidg
MDR LAB,7vadqq
Mechanism Money,f8xkmh
Mechanism,ulvyo3
Meg Nakamura,bpkrxo
MegaDelta,mrwi8z
Megala,qa36jx
Meld,j74kap
Meltem Demirors,ivtzio
Mentha,qixq0l
Mentorous,jo3t4g
Meridian,n4yi8o
Merit Circle,5j0nni
Meritech,1bgp2n
Merus,ncxg2x
Meta,d0vr1s
Metabros,1t2jxf
MetaCartel,oxjxo0
MetaGaming,84hmi4
Metamatic,ayfq46
Metaplanet,lszufu
Metavest,8or4a9
MetaWeb,fh8wrd
Meteorite Labs,d85f6i
Metis,vu9glf
Metric Architecture,zz1yde
Metrics,2onn8w
Metropolis,ecuh5g
MEXC,d0dwes
MG,9kyndm
MGNR,91q6ri
MH,b04x9g
Michael Black,ot2q4f
Michael Cena,4x80nx
Michael Chen,4r9qkn
Michael Dunworth,ojwcp9
Michael Kives,z723wt
Michael Mignano,hzpxiq
Michael Monovoukas,5iut57
Michael Montero,l307ry
Michael Sena,pdggb7
Michael Tanney,hosat8
Michelle Tang,9wj3kh
Microsoft,mc0vmp
MiH,xrz24d
Mike Abbaei,x7ggmz
Mike Balso,pxyqjr
Mike Costache,m5j9oz
Mike Cummings,p6t4kv
Mike Dudas,43zijk
Mike Gamson,u81z15
Mike Jarmuz,0vsoya
Mike Krieger,vutw8k
Mike Lempres,y2kqt7
Mike McNamara,1qkrxo
Mike Shinoda,n580br
Mikhail Stepan,u73vtf
Miko Matsumura,9a34j1
Minal Heda,svzvqn
Mindfulness,vfifi9
Mindrock,ydmc3p
MindWork,mxwn86
Ming Liu,56lnc2
Ming Ng,5z7w9l
Mingda Lei,jhl62h
Mint,po1oia
Mintable,ljeztv
MintedLab,1rq4ip
Mintosh,zyw1ef
Miracleplus,6yoaeo
Mirana,8rcqvw
Mischief,jxugz9
MIT Endowment,7iz9rv
Mitch White,t76v6n
Mithil Thakore,d5icy1
Mitsui,5w0u65
MixMarvel,qc01as
Modalityhip,pw9k7i
Modular,p99cdg
Mohamed Al Rafi,cacqhz
Mohammad Ahsan,6wvtuq
Mohammad Shaikh,79518t
Mohammed Afkhami,uzi06y
Mohit Burman,9xr3sv
Momentum 6,bah2fw
Mona El Isa,xjtllv
Monday,j4k67v
MonkeVentures,fexzjx
Monoceros,566vlr
Moon,z3p06w
MoonBoots,5252r4
Moonchain,bx0fk3
Moondot,3fcax3
Moonhill,yh3lfl
Moonlanding,n7xol2
MoonPay,n16trk
Moonrock,n73vnt
Moonshot Research,795ufc
Moonshots,wlpny1
Moonwhale,dd123i
Moorfield,dz1d1a
Morgan Beller,qplnp8
Morningstar,k9u90q
Morpheus,ilwy9t
Mosaic,juagep
Motherson,yodrbc
Motus,jj50jr
Mounir Benchemled,yczy5v
Mouro,aeti3d
Mozaik,90syk8
Mozilla,e1gqs2
MQdao,074vxf
MS&AD,uv5644
MSA Novo,2mtu07
MSM,xzl1ax
Mucker,k1jwtb
Mulana,4dh0t9
Multicoin,2g0699
Multiplex,qu6tvr
MultiversX,8tzfn7
Munich Re,c9zewt
Muse,zqwobt
Musha,lej86v
Mustafa Bassam,h2yy1z
MV Global,lhjpo7
MVC Friends,pu0mg9
MXC Pro,ab1ve5
Myelin,hq8rgo
Mysten Labs,n2ww5a
Mysterium Network,56k9fh
MZ Web3,asmbxg
N7 labs,z6hza6
Naas,ty5rkd
Nabais,f0xcpi
Naeem Zamindar,0vb3rq
Nakul Gupta,gii6no
Namier,87j7du
Nana Bianca,441jsf
NaniXBT,o7v664
Naples,7i9j5w
Narendra Rocherolle,zz3fnm
Narwhal,wp41fs
Nascent,gnhylz
Nasir Jones,eqqdvr
Nat Eliason,xezjxn
Nathan Cavanaugh,2fed3b
National Grid,s0jfmj
NatureVest,buh04w
Nautilus,50oy3l
Naval Ravikant,co49ki
Nazca,x59m34
NEAR,b6vnn8
Nebari,7fql0t
Nebulas,zrv0uy
Nebulous,c0w5gw
Necessary Ventures,g2rt17
Neeraj Arora,2z0nw5
Neha Narkhede,ic9k7i
Neil Harounian,ko3khg
Neo,vacncr
Neon,lhs7r5
Neoply,6so6kb
Neptune,su1iz5
Nervos,32r0cm
Nestcoin,sby0uo
Nestle,4awgkj
NetZero,fnlug2
New Form,zww7l5
NewBuild,0go35f
Newchip,wri2vw
NewField,wrr7ix
Newfund,8554jm
Newlab,9id9yt
Newman,pnypo2
Newtopia,2buriy
Newtribe,65epfb
Nexo,7vmgv2
Next Chymia,4r7042
Next,948drp
Nexus One,jvtn60
NFT Technologies,z22qa3
NFVentures,terqpd
NFX,2vjau8
NGC,07pxi6
NGP,msil0t
Nick Chong,2qk2oi
Nick Myers,n5c5of
Night,0jtsyn
Nikil Viswanathan,2nph6s
Nikolai Belykh,wpsmos
Nine2Five,n7ldex
Nineyards,zytdn7
NIO,b1v4kt
Nir Kabessa,uj91b9
Nirvana,kzsrt6
Nitin Sharma,xqcbrl
No Limit,agwzs7
No Talking,owrgxe
Nobuyuki Idei,cwfc5j
Node Kapital,tt1rmz
Node,3cjty6
NOIA,j1wulh
Noir,y5iv53
Nomad,zoshoo
Nonagon,huo2cs
NonceVC,jkryns
Nordic Foodtech,9q6hxs
North Holland Innovation,8fyych
North Island,f87dvf
North Venture,2v43df
North West,fz3u0v
Northbund,wfcztc
Northside,jp3dfy
Northzone,hne3si
Not Boring,b53azd
Not3Lau,jimmh7
Notables,zegk6g
Notation,t105wi
Nothing Research,jceiff
Notion,vbyb2i
Novos,lgw9c6
NueValue,n2k3so
NuFund,3gguux
Numeus,vt618a
Nurikabe,gf09a2
NVC,7pnnyt
Nvidia,m1prxp
NWS,ztuz2u
NxGen,rgk0ot
NYVP,j0d5hc
O'Shaughnessy,tm04se
O(1) Labs,mwijuq
Oak Grove,1p1iry
Oasis,67igtu
OccamDAO,ucdc3l
Ocean,994c2q
OCTAVA,odn1sj
Octopus,n9t6zl
Ocular,n47r11
OddGems,v3sg2g
Oddiyana,ofj0rs
Odell Beckham,y0xi06
Offchain Labs,55qf14
Offline,0rh814
OFR,aly00l
OIG,pxs0xw
OK Group,netvyb
OK,hiwb24
OKX,smqwtv
Old Fashion,ukwp87
Oleg Rogynskyy,kr9pzv
Olive Tree,rz9az7
Olivier Pomel,lg0fzf
Olymp,n4ia7o
Omaha Phoenix,e0m9me
Omidyar,3yvrn0
Omni Chain,b8exwz
On Deck,h6gukx
OnBlock,w9yetk
One Block,4eyql6
Onebit,41gpqf
OneBlock+,uavzle
Onega,h3awvl
Onmobile Global,j71mmd
Onnivation,zjhj49
OP Crypto,9qbjjp
Open Field,9iw9vx
Open Web,hfmbi5
OpenSea,o92n85
Openspace,7u9ixq
Operate,7pu5nr
Operator,rkun5v
Optimista,9ptsrm
Oracle,4rmqk4
Oracles,pwuofb
Oraichain,9e7ewb
Orange Fab France,kxmrz5
Orange,izwxxy
Orbit,fvpynw
OrcaDAO,0dkx3u
Origin,j36zoh
Oriol Relats,36axil
Orthogonal,7unh2b
Outbound,m8wx40
Outlander,pl79fv
Outlier,vjpj24
Outliers,wf1h0f
Outpost,yi2vaq
Outsiders,3nsesl
OVN,s7axdr
OVO,amuto4
Owen Simonin,6rejon
Owl,ijkuvo
Ozone X,qmk67p
P. Gulati,g5egk8
P101,qu8lyc
P1X,9oht0n
P2P,0u6vae
Pablo Rodriguez,dmnm1n
Pacific Century,7ez4vw
Pack,rio4tg
Packy McCormick,o2577p
Page One,1g74jp
Paka,tnkrzw
PALCapital,yasin4
Palm Tree Crew,i5asuo
Palrecha,6otq8c
Pancasila,pr3bit
Panda,11dur6
Pankaj Gupta,cckw2g
PANONY,l3imfr
Pantera,ozeg73
Parade,1vwual
Paradigm,tfi9fe
ParaFi,6f2cxt
Parallel,hbepme
Paramita,t3kcho
Parea,46avas
Pareen Lathia,d6llvy
Pareto,v0jbet
Paribu,1z06ce
Paribus,r4wukp
Park West,jskx0k
Parsiq,uwyyzt
Part One,0nl0fg
Particle XYZ,i2jpqr
Pascal,8gv3kn
Pathbreaker,pc94ke
Patricio Worthalter,820cst
Patrick Dai,yo6dj6
Paul Kim,uce2yg
Paul Martin,eg6rtr
Paul Stahura,aowm9c
Paul Stamatiou,wz0frs
Paul Taylor,0kzxhl
Paul Veradittakit,tu6afb
Pavel Cherkashin,fdbarc
Peak Performance,ids90f
Peak Sustainability,76or7t
Peak XV,igv2a1
Peak,e97n10
PEER,nrnf5w
Penrose Tech,dd27ab
PeopleFund,qcvhmz
PepsiCo,7vyg7l
Permanent,nym997
Perpetual Value,molo3g
Perridon,y6oua0
PetRock,4u100f
PG,5mg8ss
Phanindra Sama,occbmd
PHARUS,dqo8t4
PHD Capital,pvne14
Philipp Moehring,6tv4o8
Phoenix,eg5xoc
Phoenix.io,h2wgzg
Pi,pbk8is
Picks and Shovels,cx2bjt
Picus,0wrnki
Pierpaolo Barbieri,ed6r4e
Pieter Van Eck,mhujq3
Pillar,iedbk8
Pioneer,dvmxh1
Pirata,bb8u86
Pisit Poosanakhom,tnqlc5
Pivot,i8a5lw
Placeholder,bku3ew
Plasma,kxfsjf
Plassa,loynnk
Play,hlwtnm
Plexus RS,5giv9q
Plug and Play,w19rhh
Pluto Digital Assets,upyuaz
PLUTUSVC,hazkhs
Pnyx,6cd1m3
POAP,3xs22l
Point72,ng63an
Pointer,1dii55
Polka Bridge,jwrten
Polkadot,7ligqu
PolkaFoundary,t9hlod
Polkaworld,slezx6
Polybius,a6bd06
Polychain,tqh3bl
Polygon,8agdnp
Polymorphic,hepzxq
Poolside,pxvz0k
Poolz,rk3esc
Portico,09s6ji
Posco,0hmeqs
Pow Rise,40gzi4
Powerhouse,7px1kd
Prabhakar Reddy,on54di
Pragma,1pxk2o
Prashant Gulati,uj1qaf
Pravega,uqn8uq
Pravin Gandhi,mzct2x
Preethi Kasireddy,t0itsl
Press Start,x0j6y0
Presto Labs,6j16uu
Primal,zj4ect
Prime Set,0kdj46
Primeblock,ciz6c6
Primitive,xl9a26
Principal Strategic,tgtgbr
Prithvi,9rflkn
Pritzker,n682xx
PrivaSeed,qzj08j
Priyeshu Garg,rnspgp
ProfitBoard,hb4mb3
Prom,8z2gqj
Prometheus Laboratories,f4awf9
Prometheus,1ryio9
Proof,7vfw5s
Proof+Geist,0f0771
Prosus,2bbbj5
Protagonist,alpckm
Protocol Labs,ti312b
Protocol,02tq6x
Provider,r5ofys
pSquare,sjvt2e
Public Works,8p5xkn
Pulsar,6ob6ls
Punk,7iosyo
Purechain,kvng0r
PureStake,v3nhx4
Purpose,3mzqtp
Pusha T,vcdl43
Puzzle,19djg3
PwC,2raj2q
QCP,17wi5y
QED,z5dfl9
Qiming,drbv40
Qingsong,nak7b7
QM,yv9j5t
QNB,10z6rb
Qredo,dgqzvx
Qtum,9yykrx
Quake,kcl4ay
Qualcomm,tqc1qx
Quality Branded,o2p1vz
Quality Control,97i1ol
Quantstamp,dniqw5
QuarkChain,xjtadl
Quiet,gdty4y
Quint,uulo45
QVentures,foos12
Qwerty,g72mqv
R-930,hgmxdl
R2,wskgqw
R8,hxrlvs
Ra.Mo,2lb530
RAA,z5gcrq
Raaid Hossain,ak8c1a
Race,bn4wmc
Radical,63huxu
Radicle Impact,xrr9h9
Rafael Ilishayev,ojom6m
Raghu Hiremagalur,nh0uiu
Raghunandan Gangappa,6s2s3g
Rahul Nair,do6tql
Rahul Sarnobat,gj7krc
Rahul Sethuram,k6tpgr
Rahul Vohra,hum3ve
Raihan Anwar,9ox376
Rainfall,3coq1f
Raised In Space Enterprises,47se5p
Raised In Space,624loe
Raj Kansara,5ekovj
Raj Patel,97qlqj
Rajan Anandan,in8thm
Rajat Gahlot,mkyiln
Rajiv Gokal,shz3zr
Ralf Gerteis,ve60r2
Ramtin Naimi,uaa0gq
Ran Makavy,ta1eea
Rana,628gra
Rand Hindi,6wptir
Random Number,7ku2jz
Raphael Ouzan,ofhc4b
Raptor,tdywri
Rarestone,h9g1s5
Ratan Tata,n2ixy9
Ravi Adusumalli,ggh7wv
Ravindra Kumar,m8xiuk
Ray Pawlikowski,0ktyar
Raydium,mx8grh
Raymond Tonsing,tr6y85
Raymond Wu,haytnw
Razer,cuuxy3
RD Auditors,e512t7
Rebase D.,7xtp3e
Rebase,xi1pkj
Rebel,eofkvo
Reciprocal,bmsbeq
Recursive,dx4kss
Red Beard,6cp8be
Red Date,nhn1so
Red Sea,a1lgjn
Red Swiss Venture,5u27gc
RedBlock,ik81jg
Redline,7rf9rs
Redpoint,zhjcle
Referent,tcaja1
Reflexical,sv52so
Reflexive,n6jtgl
Reframe,tki9vm
Regah,mo7acl
Regain,5zxzuu
Reginald James,6zh0nn
REMY,kh5hbg
Rene Reinsberg,qmxifm
Republic Bank of Chicago,slylr0
Republic,unykak
Reshape,6i9wk0
Revolution Tech,4219d0
Rhizome,l73dc6
Ribbit,b51i7e
Richard Burton,2t3jg5
Richard Dai,c6texe
Richard Ma,wo10nx
Richard Wang,7mo8zq
Rick Wagoner,qcisd1
Ricky Engelberg,thv317
Ricky Wong,ly85pz
Ridgeline,d3ronc
Right Side,z29qp7
Ringier,wsuffu
Rio Uruguay Seguros,ycz5x9
Ripio,g0e1qt
RISE,6lkaak
Road,oygqys
Robert Bryson Hall,8m2xub
Robert Granieri,r8l1ds
Robert Leshner,sz5x0j
Robin Chan,6br51s
Robot,eyy236
RockawayX,6r6q3d
Rocketfuel USA,afeud9
RockTree,gr67ka
Roddenberry Trust,h7bj9w
Roger Luo,218prz
Rogue Insight,y5m1mf
Rogue,6u5jw2
Roham Gharegozlou,k8lm1b
Rohan Chauhan,f5e4m8
Rohit Gupta,eh4ivf
Rohit Khanna,e8u4l9
Rolling Fun,zxs7x9
Room40,1qqzyc
Rosa Rios,xda5zy
Rough Draft,mifera
Round13,62bdul
Roy Avondet,lvg7zu
RR2,yibv9g
RSK,we3g51
RSquad,wvcovb
Rsquared,q8gx6g
RTP,f4oc87
Ruben Pujol,iov8qk
Rubin,z1ww7b
Ruigang Wu,vxdiqe
Rupak Taneja,2o7g8w
Russell Cook,kjy2i5
Rustic Canyon Family,1g7zar
RW3,pixi8p
Ry Walker,b2k6ex
Ryan Adams,1ev9k4
Ryan Darnell,zx1832
Ryan Fang,7vs71r
Ryan Li,btlofg
Ryan McKillen,d14rf6
Ryan Petersen,w3oxcr
Ryan Selkis,6iy81o
Ryan Shearman,hkf560
Ryon Nixon,2vy35v
Ryze,06o6kd
RZC,enjekr
S2,wrrhev
S28,i4yuim
Sabrina Hahn,h2kgqh
Safe,nkdgv1
Sahil Dewan,z25ee2
Saison,d8vsmb
Salesforce,6d2jcm
Salil Pitroda,f0q8ea
Salman Khan,virmnk
SALT,aq52wc
Salvador Gala,c59jtx
Sam Altman,zp05qw
Sam Kazemian,pnrrib
Sam Lang,e29e8f
Sam Teller,xiw1r7
Sam Williams,uqojef
sammantics,z15ywj
Samsung NEXT,1im0oz
Sanat Rao,c24ctk
Sanctor,m05wan
Sancus,lv72w4
Sandeep Nailwal,9e1gk4
Sandy Peng,4pw1n0
Sangha,3leyzj
Sanjay Narang,i25bf7
Sanjay Parthasarathy,bros3l
Sanjay Vaswani,y7zual
Santiago Santos,ksae6d
SAP.iO,tnixm0
Sarthak Misra,k2rg6s
Satori Research,uc3rf3
Saturn Five,pzw5oi
Sax,gkv33p
Saxon,5rmf8c
SBI,89f5pk
SBS Comms,cgmkn8
SBX,b1i2hy
Scalar,telo89
Scale,t6nsde
SCB 10X,1nuvtk
SCC,u9taet
Science Park Graz,296d7m
Science,aahxsd
Scott Banister,tqxo96
Scott Belsky,07gk2w
Scott Lewis,44ad84
Scott Moore,xph9q9
Scott Ross,6rzgq8
Scout,dwir0a
Script,uw2lru
Scytale,h25e6r
SEAL,fode7i
Sean Percival,c13n8x
Sebastien Audet,8a6o80
Seed Club,kzy7cw
SeedThrift,czlpsy
Segal,18r8ir
Seier,o84ukt
SEJO Asset,karrrt
Selini,xtk30o
Semantic,z0wsaf
Semil Shah,a7c1uh
Sempra Energy,iwjz17
Sentinel Global,f1wn0g
Sequoia,vf0qg4
Serafund,003re3
Seraph,83uzvl
Seven Seven Six,80hqah
Seven,lnorr8
SevenX,pu3yyr
Sfermion,emg882
SGInnovate,fc74pt
Sharding,jn38nx
Shared Access,nst1cf
Sharing,rjhzji
Shawn Fanning,xat35q
Shayne Coplan,wcgf78
Sheesha,nr57n8
Sheikh Mayed Al Qasimi,6b6sct
Shell,mm4b9e
Shervin Pishevar,uq7z9h
Sheva,lb80u5
Shield,k3sz1r
Shift,c4veok
Shiliang Tang,3rqujt
Shima,lhs5s8
Shine,cjmn2h
Shishir Mehrotra,6hxbzz
Shiva Savadi,giecp7
Shriram Nene,38t6wi
Shrug,3mv99i
Shruti Kulkarni,2b5dyx
Shunwei,u98nrn
Sid Jain,zkwprh
SID,wgrsin
Sidd Gandhi,l4ot1d
Side Door,qee5ia
Sierra,jsixr8
Signal,44u6gg
Signature,qpkks9
Signia,pdrbjw
Signum,oltsrb
Sigurd,8vbmp2
Sikka,0yfxp7
Silicon Road,7ovkfo
Simon Last,5aepuc
Simon Willnauer,m0xdp3
Simon Wilson,t1lahd
Singchain Investment,a4jf5o
Sino Global,apkkjz
SIP,2ms2ep
Sipher,ofi3r7
Sista,qrb29i
Sistema Strategy,zbuynd
Sivaramakichenane Somasegar,aiiiye
Six,dgjdgm
SK,2abi82
Sky,tnf5cs
Sky9,m5cayq
SkyBridge,o26ujr
Skyland,km32gq
Skyman,jk6ype
Skynet EGLD,5fmqrb
Skynet Trading,2ge04u
SkyVision,5o347p
Skywater,3jk0fl
SL2,tdw5kr
Slack,r75doi
Slope,v7aaaw
Slow,ooq1d1
Smape,oy5ooz
Smart Growth,ershn5
Smart Start,l8m9rh
Smart-Chain,jr9bwv
SMO,tktadr
Smokey The Bera,k5cgj5
Smrti Labs,pt9rpd
SNZ,wu15kr
Social Capital,t5korm
Solana,tlb60n
SolanaFM,jg2vfb
Solar Eco,xvfwxn
Solidity,kw5h0p
SolrDAO,g5adzv
Soma,rgrylg
SongYee Yoon,ksh3he
Sonic Boom,o8a9h1
Sony Innovation,two8m9
Sora,cvjbhg
SOSV,8cibwi
Soul,oz31a8
Sound,z8j32q
Source Code,evheqm
South Park Commons,tau7dj
Souvla,uoxmpx
SP Group,u5hmsf
SP,0fyly9
Space and Time,gn3guk
Space Whale,d0q6hi
Space,x52ni8
SpaceShipDao,w0qehc
spankchain,ju3e71
Spark Digital,pyukl2
Spark,gj9v6c
Sparkland,htcsi1
Sparkle,dpxpnd
Sparkpoint,2zfr6y
Sparq,bnge9y
Spartan,pgoyl5
SPATIAL,rv0fmm
Spencer Costanzo,puuasi
Spice,4e1ldf
Spicy,chjkg7
Spider,uigra7
Spincrypto,knx4ht
Spring,z1jqg1
SpringWind,kkwi2w
Spur,ge3scw
Spyre,plt0v0
Squares,577mxg
SQue,ww9xnu
Sram & Mram,pc47rd
Sreeram Kannan,kr30sy
Sri Peddu,bd6os6
Sriram Krishnan,myil2k
SSSnodes,ukf76g
StaaS,yv799p
Stacie Olivares,3svwlm
Stacking Ventures,yzjb8p
Stacks,6od4bx
Stacy Brown-Philpot,7h08iv
Stafi,b0lq1g
Stake Technologies,l1cbmz
Stake,hcdvrk
StakeBorg,qnjxzd
Staked.vc,eud02c
Stakeholder,762hpi
StakeZero,5pzmni
Staking Facilities,gmkv01
Standard Crypto,v35xwk
Standard,endttv
Stanford Blockchain Club,rnfx5j
Stani Kulechov,3bchmx
Starchain,igcvay
StarkWare,vrsed8
Start-up BW,9cbuy7
Startup Angel Network,edbfmp
Startup Autobahn,cm89up
StartUp Health,trl8xo
StartX,rnj4da
State Information Center,lebjbd
Stateless,p663q8
Station F,dczz01
Stealth Capital,hx0vv3
Stedin Holding,s9wgrj
Steel DAO,5powje
Steel Perlot,jzvvbx
Stefano Bernardi,uita3x
Stepan Simkin,oj41s7
Stephane Courbit,qqdf15
Stephane Gosselin,kpp3he
Stephanie Allen,ix94yu
Sterling.VC,rfnurr
Steve Aoki,nbdtow
Steve Ebsworth,5u4ou5
Steven Luczo,g2uuo0
Stone Mountain,7rsmts
Stonebridge,ywa2is
Strategic Cyber,bo9kmm
Stratified,9jfdo8
Stratos Technologies,3c4o3d
StreamingFast,2acydu
Streamr,er8yvb
Struck,n0wdkb
Sublime,9wcle7
subo,640hn1
Subsquid,gdar4n
Sui Foundation,8ro1xz
Sujeet Kumar,v2sslg
Suji Yan,uu233m
Sumaria,zejbn5
Sumeru,qmb9za
Summer,4f9p4d
Sunny Gar,3y817d
Super,6x8jib
SuperChain,mej3v6
Superfluid,3ftss8
Superhero,ft3dw6
Supernode,gfcglj
Superphiz,3j2gta
Superscrypt,t9j2qz
Supra,u8r7ah
Surf Club,8pdw6e
Susa,tifbbe
Susquehanna,ga1lv7
Sustainable Future,uyrjui
Sustainable,udus4e
SV Angel,k1e97y
SV Pacific,sbxp1t
SWAN,l7vbx6
SWC,9j6x8e
Sweep,cdoetr
Swiss Gem,h3wbqh
SwissBorg,s3as6l
Swordfish,wa7xxl
Symbolic,otzp4l
Synaitken,1uyl9r
Synaps,lkk8cu
Synergis,xf57bt
Systena,mave87
Sytse Sijbrandi,3te3nj
T-Mobile,o6rvj3
T0,vrvfoj
TA,z845oa
Tabiya,oc50nt
Table Management,twnyql
Tachyon,tla1v2
TAG,4y2xx0
Tagus,oqc7x3
Taher Khorakiwala,r7ef2i
Taisu,5nt3w6
Talwalkars,ms3jph
Tamarack Global,kzp9u0
Tane Labs,ot4bu5
Tangent,6fx6k3
Tango,0vlaoo
Tarsame Mittal,3bbg75
Tassilo Festetics,hesk1z
Tata,59bitg
Tate Berenbaum,91d2gg
Taureon,qi0ovz
Tavis Digital,rnxt65
Tawfique Hamid,jwwrd3
Taylor Frigon,vrprdr
Tayssir,c69vl1
TCG,ztwm8h
TDeFi,imxksv
TEAL,tk2v6b
TeaLink,0egscq
Team in Residence,5p7vwo
Tech Garden,ur9o63
Techstars,a1uyxq
Teck Chia,najniu
Tectona,bcfknm
Teepee,el8e09
Tegan Kline,jx87gk
Tejas Manohar,v2grtn
Tel Aviv,vy6zxu
Telecom Infra Project,gmweh7
Telefonica,etf466
Tendermint,8n2fw1
Tenity,r0huce
TenOneTen,ckysxs
Tensility,zhen2r
Tenzor,52fjgj
Ternary,bym0hu
Tesi,uzi60w
Tess Ventures,lzpnns
TGE,m2z4hv
Th3ia,4n29wi
The Ark,4guotr
The Beyond,0xxzoz
The Blox,2xfkvg
The Cabin,ret0us
The Chainsmokers,0y7rv5
The Codes,ww95ua
The Fintech,0o9uby
The Graph,ffngjj
The House Fund,320gnu
The LAO,e2dh7y
The Sharing Group,jdvxvj
TheFactory,jzr2i9
Theia,0vsaf4
Third Kind,fa49nd
Third Prime,vub62z
Thomas Bailey,l24zdj
Thomas Dinwoodie,bfsmqk
Thomas Kaseng Ao,jtcw6t
Thomas Klocanas,0rtomp
Thomas,zzc3cd
Three Arrows,lb0lmf
Three Commas,zngvoi
Three M,thqjz1
Thrive,fbtzpi
Thursday,jyihc4
Tian He,fco3b6
Tidal Wave,1l6pwi
Tiger Global,rotj2h
Tim,fpwnny
Timestamp,3dhuwv
Timothy Abbott,rwb1o1
Tiny,j5aqjt
Tioga,llojfj
Titan,zzmhe1
TitanBlock,oxft8q
Titans,xxi1ub
TLV,xjrpvv
TMK,xolbff
To Kenz,qoijyy
Todd and Rahul's Angel,pl6fqf
Todd Goldberg,h8bix0
Token Bay,dvz6gg
Token Metrics,8dhvoo
Token Ventures,p3lgat
Token,6dsjxk
TokenHunter,n24ti7
Tokenomik,bt1i9c
Tokentus,qpv2lq
Tokonomy,rh7r97
Tokyo Electric,d0s5nk
Tom Brown,j0jsjd
Tom Chapman,8ddjw0
Tom Howard,q48ben
Tom Lee,k1hi6c
Tom Sheridan,3spzgv
Tom Windish,dcqdyn
Tommy Leep,qznpam
Tongzhou,gdno5k
Tony Robbins,tgsbeu
Tony Sheng,fx71c5
Torch,20h0o8
Torque,kic36s
Townsquare Media,71zhdn
Toyotaka Sakai,mu4hcu
TQ,mudfcv
Trac,mjcdun
Tradecraft,t3b3p0
TradeDog,qf6hti
Transform,ex2fez
TransLink,v5apl7
Transpose,uzfw6p
Travis Blane,hc7wxh
TRCM,gbf0q8
Trent McConaghy,og1ppi
Trevor Darrell,egfy5d
Trevor Koverko,8uix7q
Trevor McFedries,gwi3em
Trevor Owens,nr6cj9
TRG,tdy2c2
TRGC,nzxtym
Tribe,due5zk
Triblock,7r9603
Tristan Frizza,f4g8b6
Tristan Handy,h0yuhw
Tritax,p8ujml
TRK,25yhn5
Trond Knudsen,p436ux
Trousdale,bm9s6p
TRUE,zim0bv
TrueWay,x31uoh
Truffle,ugp187
Trung Nguyen,4pj3dm
Trustdao,dd10pl
Truth,ppcxum
TS,00wro7
TsingTing,jofsd4
TSVCap,qce0sh
TTV,mebhr4
Tuesday,emawdh
Tupix,7i7ead
TVP,g0a0pq
Twelve Below,o217a6
Twin Apex,wpvtch
Two Sigma,1o6h98
Tykhe Block,yviisw
Tyler Ward,lq00qd
Tyler Willis,35j3pt
Typhon V,wagf8o
UDHC,iwnv3f
UK Government,jou5v4
Ulu,2p0n8o
Uma Roy,3mnnrf
Unanimous,dcxpa9
Uncommon Projects,i9mcxw
Uncorrelated,vff111
Underscore,gf4mkp
Unico,9ell91
Unicorn Hunter,rewcp7
Union Square,vuz4in
UniqueOne,eo1vai
Unity,x5h9ow
Universal,s2idi6
University of Liverpool,klmrbk
Univid,3eyneg
Uniworld,5hgqit
Unlimint,o76txg
Unlock,lcoyia
Unpopular,rsenx1
Unreal,onzcv5
Unshackled,ongauu
UOB,bix4ir
UPC,id32lg
UpHonest,q0cuxs
Uprising,a4zmhw
Upshift,2prylf
Utsav Somani,cz5kx7
Uush,eseesx
Val Agostino,6uczt3
Valhalla,03zdwj
Valkyrie,9cx2zp
Valor,qf539o
Valora Holding,s7rn7t
Valour,rwh53e
VanEck,pzv0z5
Vantage,310vx3
Variant,ubuz3j
Varun Sadana,p65ot4
Varys,6mh2rx
VaynerFund,jtvliv
VBC,xvgf6w
VC Travel,u2j4by
VeChain,6qm53b
Veeraa,jrl9r2
Vega Auto,m2vb8u
Vega,51acus
Vendetta,nwl5v7
Venionaire,hvyw00
Venrock,wnkupi
Ventech,e3k6q3
Venture Catalysts,tmyvo7
Venture Collective,50neyo
Venture Kick,knt2wt
Venture Reality,yb6ohe
VentureLabs,mfu4x6
VenturesOne,tl1am3
VentureSouq,wzua9l
Veris,monvfg
Versetti Versetti,1rsbr7
Version One,9kybya
very early,dra7iz
Vespertine,nj1v3c
VF,n4reas
Via.Io,zmowee
Vibe,dn6pok
Vicki Cheung,dxbskd
Victory Square,5qyd32
Vidit Aatrey,pu9sq2
Vijay Maharajan,kh8jxd
Vijay Sharma,r3tuby
Vijay Sundaram,vo9rwo
Vijay Vashee,yzkp63
Vikram Tanwar,22tft9
Village Global,dbr5ig
Vinny Lingham,natuqc
Vintage,5p9gpb
Viola Growth,2cor6o
Viola,o7axgq
Viram Shah,v450ah
VironIT,7xqu4s
Visa,gnqpgc
Visary,xt0vj3
Visionz,h3j1gl
Vista Lab,ikokx0
Vitalbridge,r57gpz
Vito,puhefe
Vivekananda Hallekere,a1da8k
Voima,awk70m
Volt,gasfop
VRM,y7hamj
vVv,e3c7wh
Vy,ii6p9q
VYSYN,fuws95
W.IN.G,kknmxm
W11,4gwkce
W3,efovez
w3.fund,beuueu
W3.Hitchhiker,mo34ru
W3GG,614ya2
WAGMi,nlvx3r
Wakem,t30rwx
Walden Catalyst,z86cg4
Wanxiang,ql9q87
Warburg Serres,gduv1m
Warner Music,ehzj0z
Waterdrip,o7xcsr
Wave,v6xlk7
Wave7,ixxo16
Wavemaker,s1ak5z
Wayfinder,2zjum0
Wayra Brazil,qkix5k
Wealth Union,3qflb4
Web3 Capital,pvr738
Web3 Foundation,uburgx
Web3.com,lay4ny
Wei Guo,ocqa20
WelinderShi,xhnczo
WellFound,5b8q5j
Wemade,t9lvtn
Wen Xin,m1jl0k
West Ham,xtbe5p
West Labs,24ormv
White Loop,nnrh00
White Paper,e0510f
White Star,o3c9bd
WhiteHill,qqxhld
WhiteList,knhtue
Wicklow,eo7aux
Williams Trading,tt96oi
Wingman Campus,3qwz70
Wings,p5t7hp
Winklevoss,3amt6k
Winkrypto,6m0hgx
Wintermute,s812zr
Wireless Broadband Alliance,60xzyd
Wisemont,5gfs0n
WndrCo,num220
WolfEdge,o6u62z
Wolfman.One,xbe8nl
Wonder,xk2j4b
Woodstock,2wn9ev
Woody Levin,a4ifju
Working,hmrrh1
Workplay,ncwxhv
WorldQuant,1f9kgy
WorldStartup,z4ibhx
Wu Gang,yaxu8c
Wujilian,4yr483
WWVentures,t44ifr
X21,brmebh
XBTO Humla,60o8uo
XDL,udcrbv
Xiaodong Song,by636n
Xiaodong,qr2jg3
XIN Family,goznyl
Xoogler,78enfd
Xperiment,t6992i
Xpring,oeekp6
XT Labs,gy5k6a
Xtream,ms8eng
XVC,7vs00o
XVentures,ytsd3i
XYO,5jng4b
Y Combinator,wdtkj1
Y2Z,oa0h6s
Yakir Gola,pp6ut1
Yang,dl3888
Yat Siu,z6cfwz
YBB,935mux
YC,1r0cdr
YeeCall,xy5g8f
Yele Bademosi,phgssx
Yellow Rocks!,jesgcy
Yellow Spoon,ka28kz
Yeoman's,29e40w
Yes VC,bjt37s
Yesss,lmuq6h
Yevgen Malyshev,nopne6
YGG,nv73pg
Yi Sun,cy0ynk
Yi Sung Yong,3mawmt
Yield Guild Games,vnlyks
Yolo,32ha77
Yossi Hasson,lphuqy
Yossi Matias,pfvnry
Youbi,pcw959
Yuanyuzhou,q6mxh8
Yuki Uchiyama,pmwiko
Yuri Milner,58oane
Zach Finklestein,5lxjr4
Zach Frankel,9yjtz6
Zach Ware,fpfcrh
Zachary Bookman,hhcvbz
Zanavu,wa3eqd
ZB,7q5pnm
ZBS,0nsbs7
ZC,o5of0s
Zeal,7qvbir
Zebpay,71p088
Zee Prime,urug6u
Zeitgeist,lll7yl
Zeneca,hlsmm6
ZenX Labs,6xb157
Zephyrus,e0wtte
Zero Age,v4za8v
Zero Knowledge,tm95um
Zero Prime,9ltipb
Zeroth.ai,myul3m
Zeuth,mwx1nm
Zhen Cao,tzdukk
ZhenFund,ffz00y
Zhiping,6jmeak
Zilliqa,zv7rue
Zipmex,uwd92p
ZMT,xemx4j
Zokyo Studio,dovucn
Zonff,1m3pt6
Alphawave,uydtk8
Nexus Venture Partners,fmhhl6
3one4,4zcbhk
DCX,zpvc7c
Aniket Jindal,knfugm
Julian Traversa,et0tra
Anish Mohammed,ui1axd